kode,tipe,kapasitas_kg,gedung,lantai,lokasi_teks,lat,lng,radius_m,qr_token
01D,Dry Powder,"4,5",Gedung PIP,Lt. 1,Lorong Timur titik 1,-8.186185,113.706195,75,PAL-K3-TOKEN-DICABUT-DARI-RIWAYAT
02D,Dry Powder,"4,5",Gedung PIP,Lt. 1,Lorong Timur titik 2,-8.186185,113.706304,75,PAL-K3-TOKEN-DICABUT-DARI-RIWAYAT
03D,Dry Powder,"4,5",Gedung PIP,Lt. 1,Lorong Timur titik 3,-8.186185,113.706413,75,PAL-K3-TOKEN-DICABUT-DARI-RIWAYAT
04D,Dry Powder,"4,5",Gedung PIP,Lt. 1,Lorong Tengah titik 4,-8.186275,113.706195,75,PAL-K3-TOKEN-DICABUT-DARI-RIWAYAT
05D,Dry Powder,"4,5",Gedung PIP,Lt. 1,Lorong Tengah titik 5,-8.186275,113.706304,75,PAL-K3-TOKEN-DICABUT-DARI-RIWAYAT
06D,Dry Powder,"4,5",Gedung PIP,Lt. 1,Lorong Tengah titik 6,-8.186275,113.706413,75,PAL-K3-TOKEN-DICABUT-DARI-RIWAYAT
07D,Dry Powder,"4,5",Gedung PIP,Lt. 1,Lorong Barat titik 7,-8.186365,113.706249,75,PAL-K3-TOKEN-DICABUT-DARI-RIWAYAT
08D,Dry Powder,"4,5",Gedung PIP,Lt. 1,Lorong Barat titik 8,-8.186365,113.706358,75,PAL-K3-TOKEN-DICABUT-DARI-RIWAYAT
09D,Dry Powder,"4,5",Gedung PIP,Lt. 2,Lorong Timur titik 1,-8.186185,113.706195,75,PAL-K3-TOKEN-DICABUT-DARI-RIWAYAT
10D,Dry Powder,"4,5",Gedung PIP,Lt. 2,Lorong Timur titik 2,-8.186185,113.706304,75,PAL-K3-TOKEN-DICABUT-DARI-RIWAYAT
11D,Dry Powder,"4,5",Gedung PIP,Lt. 2,Lorong Timur titik 3,-8.186185,113.706413,75,PAL-K3-TOKEN-DICABUT-DARI-RIWAYAT
12D,Dry Powder,"4,5",Gedung PIP,Lt. 2,Lorong Tengah titik 4,-8.186275,113.706195,75,PAL-K3-TOKEN-DICABUT-DARI-RIWAYAT
13D,Dry Powder,"4,5",Gedung PIP,Lt. 2,Lorong Tengah titik 5,-8.186275,113.706304,75,PAL-K3-TOKEN-DICABUT-DARI-RIWAYAT
14D,Dry Powder,"4,5",Gedung PIP,Lt. 2,Lorong Tengah titik 6,-8.186275,113.706413,75,PAL-K3-TOKEN-DICABUT-DARI-RIWAYAT
15D,Dry Powder,"4,5",Gedung PIP,Lt. 2,Lorong Barat titik 7,-8.186365,113.706249,75,PAL-K3-TOKEN-DICABUT-DARI-RIWAYAT
16D,Dry Powder,"4,5",Gedung PIP,Lt. 2,Lorong Barat titik 8,-8.186365,113.706358,75,PAL-K3-TOKEN-DICABUT-DARI-RIWAYAT
17D,Dry Powder,"4,5",Gedung PIP,Lt. 3,Lorong Timur titik 1,-8.186185,113.706195,75,PAL-K3-TOKEN-DICABUT-DARI-RIWAYAT
18D,Dry Powder,"4,5",Gedung PIP,Lt. 3,Lorong Timur titik 2,-8.186185,113.706304,75,PAL-K3-TOKEN-DICABUT-DARI-RIWAYAT
19D,Dry Powder,"4,5",Gedung PIP,Lt. 3,Lorong Timur titik 3,-8.186185,113.706413,75,PAL-K3-TOKEN-DICABUT-DARI-RIWAYAT
20D,Dry Powder,"4,5",Gedung PIP,Lt. 3,Lorong Tengah titik 4,-8.186275,113.706195,75,PAL-K3-TOKEN-DICABUT-DARI-RIWAYAT
21D,Dry Powder,"4,5",Gedung PIP,Lt. 3,Lorong Tengah titik 5,-8.186275,113.706304,75,PAL-K3-TOKEN-DICABUT-DARI-RIWAYAT
22D,Dry Powder,"4,5",Gedung PIP,Lt. 3,Lorong Tengah titik 6,-8.186275,113.706413,75,PAL-K3-TOKEN-DICABUT-DARI-RIWAYAT
23D,Dry Powder,"4,5",Gedung PIP,Lt. 3,Lorong Barat titik 7,-8.186365,113.706249,75,PAL-K3-TOKEN-DICABUT-DARI-RIWAYAT
24D,Dry Powder,"4,5",Gedung PIP,Lt. 3,Lorong Barat titik 8,-8.186365,113.706358,75,PAL-K3-TOKEN-DICABUT-DARI-RIWAYAT
25D,Dry Powder,"4,5",Workshop Fabrikasi,Lt. 1,Bay 1,-8.185871,113.706059,60,PAL-K3-TOKEN-DICABUT-DARI-RIWAYAT
26C,CO2,"6,0",Workshop Fabrikasi,Lt. 1,Bay 2,-8.185871,113.706195,60,PAL-K3-TOKEN-DICABUT-DARI-RIWAYAT
27D,Dry Powder,"4,5",Workshop Fabrikasi,Lt. 1,Bay 3,-8.185871,113.706331,60,PAL-K3-TOKEN-DICABUT-DARI-RIWAYAT
28C,CO2,"6,0",Workshop Fabrikasi,Lt. 1,Bay 4,-8.185754,113.706059,60,PAL-K3-TOKEN-DICABUT-DARI-RIWAYAT
29D,Dry Powder,"4,5",Workshop Fabrikasi,Lt. 1,Bay 5,-8.185754,113.706195,60,PAL-K3-TOKEN-DICABUT-DARI-RIWAYAT
30C,CO2,"6,0",Workshop Fabrikasi,Lt. 1,Bay 6,-8.185754,113.706331,60,PAL-K3-TOKEN-DICABUT-DARI-RIWAYAT
31D,Dry Powder,"9,0",Area Terbuka,-,Pos 1,-8.186526,113.705995,30,PAL-K3-TOKEN-DICABUT-DARI-RIWAYAT
32D,Dry Powder,"9,0",Area Terbuka,-,Pos 2,-8.186526,113.706286,30,PAL-K3-TOKEN-DICABUT-DARI-RIWAYAT
33D,Dry Powder,"9,0",Area Terbuka,-,Pos 3,-8.186634,113.706141,30,PAL-K3-TOKEN-DICABUT-DARI-RIWAYAT
34D,Dry Powder,"9,0",Area Terbuka,-,Pos 4,-8.186077,113.705923,30,PAL-K3-TOKEN-DICABUT-DARI-RIWAYAT
35D,Dry Powder,"9,0",Area Terbuka,-,Pos 5,-8.186005,113.706485,30,PAL-K3-TOKEN-DICABUT-DARI-RIWAYAT
